# 常用缩略语人工校对表(dicttool entrans 内置资源,include_str! 引入)。
# 用途:全大写输入候选的"中文翻译"兜底 —— ECDICT 对机构/技术缩略语普遍缺词
# (如 WHO 只有 who/pron.谁)或义项歧义(如 GDP 命中化学义"鸟苷二磷酸"),
# 本表义项恒排该词翻译列表最前,ECDICT 其余 义项去重后跟在后面。
# 格式:WORD \t 译1 [\t 译2 …](WORD 必须全大写字母;译法内禁止制表符/换行)
WHO	世界卫生组织
WTO	世界贸易组织
IMF	国际货币基金组织
UNESCO	联合国教科文组织
NASA	美国国家航空航天局
FIFA	国际足球联合会
GDP	国内生产总值
GNP	国民生产总值
CPI	消费者物价指数
PMI	采购经理指数
IPO	首次公开募股
ETF	交易型开放式指数基金
VC	风险投资
CEO	首席执行官
CFO	首席财务官
COO	首席运营官
CTO	首席技术官
HR	人力资源
IT	信息技术
AI	人工智能
CPU	中央处理器
GPU	图形处理器
RAM	随机存储器
ROM	只读存储器
USB	通用串行总线
PC	个人计算机
APP	应用程序
API	应用程序接口
DNS	域名系统
HTTP	超文本传输协议
HTTPS	超文本传输安全协议
URL	统一资源定位符
HTML	超文本标记语言
XML	可扩展标记语言
CSS	层叠样式表
SQL	结构化查询语言
JSON	轻量级数据交换格式
CDN	内容分发网络
GSM	全球移动通信系统
GPS	全球定位系统
LTE	长期演进技术
PDF	便携式文档格式
PPT	演示文稿
ID	身份标识
IQ	智商
EQ	情商
MBA	工商管理硕士
GPA	平均学分绩点
FAQ	常见问题
FYI	供参考
ATM	自动取款机
DIY	自己动手做
VIP	贵宾
KTV	卡拉OK
MTV	音乐电视
SOS	紧急求救信号
UFO	不明飞行物
SUV	运动型多用途汽车
AC	空调
ISO	国际标准化组织
NBA	美国职业篮球联赛
CBA	中国男子篮球职业联赛
