# GB2312 单字分档:char\ttier(1=一级常用 3755,2=二级次常用 3008)
# 由 GB2312 汉字区(0xB0-0xF7 × 0xA1-0xFE)程序化枚举生成
啊	1
阿	1
埃	1
挨	1
哎	1
唉	1
哀	1
皑	1
癌	1
蔼	1
矮	1
艾	1
碍	1
爱	1
隘	1
鞍	1
氨	1
安	1
俺	1
按	1
暗	1
岸	1
胺	1
案	1
肮	1
昂	1
盎	1
凹	1
敖	1
熬	1
翱	1
袄	1
傲	1
奥	1
懊	1
澳	1
芭	1
捌	1
扒	1
叭	1
吧	1
笆	1
八	1
疤	1
巴	1
拔	1
跋	1
靶	1
把	1
耙	1
坝	1
霸	1
罢	1
爸	1
白	1
柏	1
百	1
摆	1
佰	1
败	1
拜	1
稗	1
斑	1
班	1
搬	1
扳	1
般	1
颁	1
板	1
版	1
扮	1
拌	1
伴	1
瓣	1
半	1
办	1
绊	1
邦	1
帮	1
梆	1
榜	1
膀	1
绑	1
棒	1
磅	1
蚌	1
镑	1
傍	1
谤	1
苞	1
胞	1
包	1
褒	1
剥	1
薄	1
雹	1
保	1
堡	1
饱	1
宝	1
抱	1
报	1
暴	1
豹	1
鲍	1
爆	1
杯	1
碑	1
悲	1
卑	1
北	1
辈	1
背	1
贝	1
钡	1
倍	1
狈	1
备	1
惫	1
焙	1
被	1
奔	1
苯	1
本	1
笨	1
崩	1
绷	1
甭	1
泵	1
蹦	1
迸	1
逼	1
鼻	1
比	1
鄙	1
笔	1
彼	1
碧	1
蓖	1
蔽	1
毕	1
毙	1
毖	1
币	1
庇	1
痹	1
闭	1
敝	1
弊	1
必	1
辟	1
壁	1
臂	1
避	1
陛	1
鞭	1
边	1
编	1
贬	1
扁	1
便	1
变	1
卞	1
辨	1
辩	1
辫	1
遍	1
标	1
彪	1
膘	1
表	1
鳖	1
憋	1
别	1
瘪	1
彬	1
斌	1
濒	1
滨	1
宾	1
摈	1
兵	1
冰	1
柄	1
丙	1
秉	1
饼	1
炳	1
病	1
并	1
玻	1
菠	1
播	1
拨	1
钵	1
波	1
博	1
勃	1
搏	1
铂	1
箔	1
伯	1
帛	1
舶	1
脖	1
膊	1
渤	1
泊	1
驳	1
捕	1
卜	1
哺	1
补	1
埠	1
不	1
布	1
步	1
簿	1
部	1
怖	1
擦	1
猜	1
裁	1
材	1
才	1
财	1
睬	1
踩	1
采	1
彩	1
菜	1
蔡	1
餐	1
参	1
蚕	1
残	1
惭	1
惨	1
灿	1
苍	1
舱	1
仓	1
沧	1
藏	1
操	1
糙	1
槽	1
曹	1
草	1
厕	1
策	1
侧	1
册	1
测	1
层	1
蹭	1
插	1
叉	1
茬	1
茶	1
查	1
碴	1
搽	1
察	1
岔	1
差	1
诧	1
拆	1
柴	1
豺	1
搀	1
掺	1
蝉	1
馋	1
谗	1
缠	1
铲	1
产	1
阐	1
颤	1
昌	1
猖	1
场	1
尝	1
常	1
长	1
偿	1
肠	1
厂	1
敞	1
畅	1
唱	1
倡	1
超	1
抄	1
钞	1
朝	1
嘲	1
潮	1
巢	1
吵	1
炒	1
车	1
扯	1
撤	1
掣	1
彻	1
澈	1
郴	1
臣	1
辰	1
尘	1
晨	1
忱	1
沉	1
陈	1
趁	1
衬	1
撑	1
称	1
城	1
橙	1
成	1
呈	1
乘	1
程	1
惩	1
澄	1
诚	1
承	1
逞	1
骋	1
秤	1
吃	1
痴	1
持	1
匙	1
池	1
迟	1
弛	1
驰	1
耻	1
齿	1
侈	1
尺	1
赤	1
翅	1
斥	1
炽	1
充	1
冲	1
虫	1
崇	1
宠	1
抽	1
酬	1
畴	1
踌	1
稠	1
愁	1
筹	1
仇	1
绸	1
瞅	1
丑	1
臭	1
初	1
出	1
橱	1
厨	1
躇	1
锄	1
雏	1
滁	1
除	1
楚	1
础	1
储	1
矗	1
搐	1
触	1
处	1
揣	1
川	1
穿	1
椽	1
传	1
船	1
喘	1
串	1
疮	1
窗	1
幢	1
床	1
闯	1
创	1
吹	1
炊	1
捶	1
锤	1
垂	1
春	1
椿	1
醇	1
唇	1
淳	1
纯	1
蠢	1
戳	1
绰	1
疵	1
茨	1
磁	1
雌	1
辞	1
慈	1
瓷	1
词	1
此	1
刺	1
赐	1
次	1
聪	1
葱	1
囱	1
匆	1
从	1
丛	1
凑	1
粗	1
醋	1
簇	1
促	1
蹿	1
篡	1
窜	1
摧	1
崔	1
催	1
脆	1
瘁	1
粹	1
淬	1
翠	1
村	1
存	1
寸	1
磋	1
撮	1
搓	1
措	1
挫	1
错	1
搭	1
达	1
答	1
瘩	1
打	1
大	1
呆	1
歹	1
傣	1
戴	1
带	1
殆	1
代	1
贷	1
袋	1
待	1
逮	1
怠	1
耽	1
担	1
丹	1
单	1
郸	1
掸	1
胆	1
旦	1
氮	1
但	1
惮	1
淡	1
诞	1
弹	1
蛋	1
当	1
挡	1
党	1
荡	1
档	1
刀	1
捣	1
蹈	1
倒	1
岛	1
祷	1
导	1
到	1
稻	1
悼	1
道	1
盗	1
德	1
得	1
的	1
蹬	1
灯	1
登	1
等	1
瞪	1
凳	1
邓	1
堤	1
低	1
滴	1
迪	1
敌	1
笛	1
狄	1
涤	1
翟	1
嫡	1
抵	1
底	1
地	1
蒂	1
第	1
帝	1
弟	1
递	1
缔	1
颠	1
掂	1
滇	1
碘	1
点	1
典	1
靛	1
垫	1
电	1
佃	1
甸	1
店	1
惦	1
奠	1
淀	1
殿	1
碉	1
叼	1
雕	1
凋	1
刁	1
掉	1
吊	1
钓	1
调	1
跌	1
爹	1
碟	1
蝶	1
迭	1
谍	1
叠	1
丁	1
盯	1
叮	1
钉	1
顶	1
鼎	1
锭	1
定	1
订	1
丢	1
东	1
冬	1
董	1
懂	1
动	1
栋	1
侗	1
恫	1
冻	1
洞	1
兜	1
抖	1
斗	1
陡	1
豆	1
逗	1
痘	1
都	1
督	1
毒	1
犊	1
独	1
读	1
堵	1
睹	1
赌	1
杜	1
镀	1
肚	1
度	1
渡	1
妒	1
端	1
短	1
锻	1
段	1
断	1
缎	1
堆	1
兑	1
队	1
对	1
墩	1
吨	1
蹲	1
敦	1
顿	1
囤	1
钝	1
盾	1
遁	1
掇	1
哆	1
多	1
夺	1
垛	1
躲	1
朵	1
跺	1
舵	1
剁	1
惰	1
堕	1
蛾	1
峨	1
鹅	1
俄	1
额	1
讹	1
娥	1
恶	1
厄	1
扼	1
遏	1
鄂	1
饿	1
恩	1
而	1
儿	1
耳	1
尔	1
饵	1
洱	1
二	1
贰	1
发	1
罚	1
筏	1
伐	1
乏	1
阀	1
法	1
珐	1
藩	1
帆	1
番	1
翻	1
樊	1
矾	1
钒	1
繁	1
凡	1
烦	1
反	1
返	1
范	1
贩	1
犯	1
饭	1
泛	1
坊	1
芳	1
方	1
肪	1
房	1
防	1
妨	1
仿	1
访	1
纺	1
放	1
菲	1
非	1
啡	1
飞	1
肥	1
匪	1
诽	1
吠	1
肺	1
废	1
沸	1
费	1
芬	1
酚	1
吩	1
氛	1
分	1
纷	1
坟	1
焚	1
汾	1
粉	1
奋	1
份	1
忿	1
愤	1
粪	1
丰	1
封	1
枫	1
蜂	1
峰	1
锋	1
风	1
疯	1
烽	1
逢	1
冯	1
缝	1
讽	1
奉	1
凤	1
佛	1
否	1
夫	1
敷	1
肤	1
孵	1
扶	1
拂	1
辐	1
幅	1
氟	1
符	1
伏	1
俘	1
服	1
浮	1
涪	1
福	1
袱	1
弗	1
甫	1
抚	1
辅	1
俯	1
釜	1
斧	1
脯	1
腑	1
府	1
腐	1
赴	1
副	1
覆	1
赋	1
复	1
傅	1
付	1
阜	1
父	1
腹	1
负	1
富	1
讣	1
附	1
妇	1
缚	1
咐	1
噶	1
嘎	1
该	1
改	1
概	1
钙	1
盖	1
溉	1
干	1
甘	1
杆	1
柑	1
竿	1
肝	1
赶	1
感	1
秆	1
敢	1
赣	1
冈	1
刚	1
钢	1
缸	1
肛	1
纲	1
岗	1
港	1
杠	1
篙	1
皋	1
高	1
膏	1
羔	1
糕	1
搞	1
镐	1
稿	1
告	1
哥	1
歌	1
搁	1
戈	1
鸽	1
胳	1
疙	1
割	1
革	1
葛	1
格	1
蛤	1
阁	1
隔	1
铬	1
个	1
各	1
给	1
根	1
跟	1
耕	1
更	1
庚	1
羹	1
埂	1
耿	1
梗	1
工	1
攻	1
功	1
恭	1
龚	1
供	1
躬	1
公	1
宫	1
弓	1
巩	1
汞	1
拱	1
贡	1
共	1
钩	1
勾	1
沟	1
苟	1
狗	1
垢	1
构	1
购	1
够	1
辜	1
菇	1
咕	1
箍	1
估	1
沽	1
孤	1
姑	1
鼓	1
古	1
蛊	1
骨	1
谷	1
股	1
故	1
顾	1
固	1
雇	1
刮	1
瓜	1
剐	1
寡	1
挂	1
褂	1
乖	1
拐	1
怪	1
棺	1
关	1
官	1
冠	1
观	1
管	1
馆	1
罐	1
惯	1
灌	1
贯	1
光	1
广	1
逛	1
瑰	1
规	1
圭	1
硅	1
归	1
龟	1
闺	1
轨	1
鬼	1
诡	1
癸	1
桂	1
柜	1
跪	1
贵	1
刽	1
辊	1
滚	1
棍	1
锅	1
郭	1
国	1
果	1
裹	1
过	1
哈	1
骸	1
孩	1
海	1
氦	1
亥	1
害	1
骇	1
酣	1
憨	1
邯	1
韩	1
含	1
涵	1
寒	1
函	1
喊	1
罕	1
翰	1
撼	1
捍	1
旱	1
憾	1
悍	1
焊	1
汗	1
汉	1
夯	1
杭	1
航	1
壕	1
嚎	1
豪	1
毫	1
郝	1
好	1
耗	1
号	1
浩	1
呵	1
喝	1
荷	1
菏	1
核	1
禾	1
和	1
何	1
合	1
盒	1
貉	1
阂	1
河	1
涸	1
赫	1
褐	1
鹤	1
贺	1
嘿	1
黑	1
痕	1
很	1
狠	1
恨	1
哼	1
亨	1
横	1
衡	1
恒	1
轰	1
哄	1
烘	1
虹	1
鸿	1
洪	1
宏	1
弘	1
红	1
喉	1
侯	1
猴	1
吼	1
厚	1
候	1
后	1
呼	1
乎	1
忽	1
瑚	1
壶	1
葫	1
胡	1
蝴	1
狐	1
糊	1
湖	1
弧	1
虎	1
唬	1
护	1
互	1
沪	1
户	1
花	1
哗	1
华	1
猾	1
滑	1
画	1
划	1
化	1
话	1
槐	1
徊	1
怀	1
淮	1
坏	1
欢	1
环	1
桓	1
还	1
缓	1
换	1
患	1
唤	1
痪	1
豢	1
焕	1
涣	1
宦	1
幻	1
荒	1
慌	1
黄	1
磺	1
蝗	1
簧	1
皇	1
凰	1
惶	1
煌	1
晃	1
幌	1
恍	1
谎	1
灰	1
挥	1
辉	1
徽	1
恢	1
蛔	1
回	1
毁	1
悔	1
慧	1
卉	1
惠	1
晦	1
贿	1
秽	1
会	1
烩	1
汇	1
讳	1
诲	1
绘	1
荤	1
昏	1
婚	1
魂	1
浑	1
混	1
豁	1
活	1
伙	1
火	1
获	1
或	1
惑	1
霍	1
货	1
祸	1
击	1
圾	1
基	1
机	1
畸	1
稽	1
积	1
箕	1
肌	1
饥	1
迹	1
激	1
讥	1
鸡	1
姬	1
绩	1
缉	1
吉	1
极	1
棘	1
辑	1
籍	1
集	1
及	1
急	1
疾	1
汲	1
即	1
嫉	1
级	1
挤	1
几	1
脊	1
己	1
蓟	1
技	1
冀	1
季	1
伎	1
祭	1
剂	1
悸	1
济	1
寄	1
寂	1
计	1
记	1
既	1
忌	1
际	1
妓	1
继	1
纪	1
嘉	1
枷	1
夹	1
佳	1
家	1
加	1
荚	1
颊	1
贾	1
甲	1
钾	1
假	1
稼	1
价	1
架	1
驾	1
嫁	1
歼	1
监	1
坚	1
尖	1
笺	1
间	1
煎	1
兼	1
肩	1
艰	1
奸	1
缄	1
茧	1
检	1
柬	1
碱	1
硷	1
拣	1
捡	1
简	1
俭	1
剪	1
减	1
荐	1
槛	1
鉴	1
践	1
贱	1
见	1
键	1
箭	1
件	1
健	1
舰	1
剑	1
饯	1
渐	1
溅	1
涧	1
建	1
僵	1
姜	1
将	1
浆	1
江	1
疆	1
蒋	1
桨	1
奖	1
讲	1
匠	1
酱	1
降	1
蕉	1
椒	1
礁	1
焦	1
胶	1
交	1
郊	1
浇	1
骄	1
娇	1
嚼	1
搅	1
铰	1
矫	1
侥	1
脚	1
狡	1
角	1
饺	1
缴	1
绞	1
剿	1
教	1
酵	1
轿	1
较	1
叫	1
窖	1
揭	1
接	1
皆	1
秸	1
街	1
阶	1
截	1
劫	1
节	1
桔	1
杰	1
捷	1
睫	1
竭	1
洁	1
结	1
解	1
姐	1
戒	1
藉	1
芥	1
界	1
借	1
介	1
疥	1
诫	1
届	1
巾	1
筋	1
斤	1
金	1
今	1
津	1
襟	1
紧	1
锦	1
仅	1
谨	1
进	1
靳	1
晋	1
禁	1
近	1
烬	1
浸	1
尽	1
劲	1
荆	1
兢	1
茎	1
睛	1
晶	1
鲸	1
京	1
惊	1
精	1
粳	1
经	1
井	1
警	1
景	1
颈	1
静	1
境	1
敬	1
镜	1
径	1
痉	1
靖	1
竟	1
竞	1
净	1
炯	1
窘	1
揪	1
究	1
纠	1
玖	1
韭	1
久	1
灸	1
九	1
酒	1
厩	1
救	1
旧	1
臼	1
舅	1
咎	1
就	1
疚	1
鞠	1
拘	1
狙	1
疽	1
居	1
驹	1
菊	1
局	1
咀	1
矩	1
举	1
沮	1
聚	1
拒	1
据	1
巨	1
具	1
距	1
踞	1
锯	1
俱	1
句	1
惧	1
炬	1
剧	1
捐	1
鹃	1
娟	1
倦	1
眷	1
卷	1
绢	1
撅	1
攫	1
抉	1
掘	1
倔	1
爵	1
觉	1
决	1
诀	1
绝	1
均	1
菌	1
钧	1
军	1
君	1
峻	1
俊	1
竣	1
浚	1
郡	1
骏	1
喀	1
咖	1
卡	1
咯	1
开	1
揩	1
楷	1
凯	1
慨	1
刊	1
堪	1
勘	1
坎	1
砍	1
看	1
康	1
慷	1
糠	1
扛	1
抗	1
亢	1
炕	1
考	1
拷	1
烤	1
靠	1
坷	1
苛	1
柯	1
棵	1
磕	1
颗	1
科	1
壳	1
咳	1
可	1
渴	1
克	1
刻	1
客	1
课	1
肯	1
啃	1
垦	1
恳	1
坑	1
吭	1
空	1
恐	1
孔	1
控	1
抠	1
口	1
扣	1
寇	1
枯	1
哭	1
窟	1
苦	1
酷	1
库	1
裤	1
夸	1
垮	1
挎	1
跨	1
胯	1
块	1
筷	1
侩	1
快	1
宽	1
款	1
匡	1
筐	1
狂	1
框	1
矿	1
眶	1
旷	1
况	1
亏	1
盔	1
岿	1
窥	1
葵	1
奎	1
魁	1
傀	1
馈	1
愧	1
溃	1
坤	1
昆	1
捆	1
困	1
括	1
扩	1
廓	1
阔	1
垃	1
拉	1
喇	1
蜡	1
腊	1
辣	1
啦	1
莱	1
来	1
赖	1
蓝	1
婪	1
栏	1
拦	1
篮	1
阑	1
兰	1
澜	1
谰	1
揽	1
览	1
懒	1
缆	1
烂	1
滥	1
琅	1
榔	1
狼	1
廊	1
郎	1
朗	1
浪	1
捞	1
劳	1
牢	1
老	1
佬	1
姥	1
酪	1
烙	1
涝	1
勒	1
乐	1
雷	1
镭	1
蕾	1
磊	1
累	1
儡	1
垒	1
擂	1
肋	1
类	1
泪	1
棱	1
楞	1
冷	1
厘	1
梨	1
犁	1
黎	1
篱	1
狸	1
离	1
漓	1
理	1
李	1
里	1
鲤	1
礼	1
莉	1
荔	1
吏	1
栗	1
丽	1
厉	1
励	1
砾	1
历	1
利	1
傈	1
例	1
俐	1
痢	1
立	1
粒	1
沥	1
隶	1
力	1
璃	1
哩	1
俩	1
联	1
莲	1
连	1
镰	1
廉	1
怜	1
涟	1
帘	1
敛	1
脸	1
链	1
恋	1
炼	1
练	1
粮	1
凉	1
梁	1
粱	1
良	1
两	1
辆	1
量	1
晾	1
亮	1
谅	1
撩	1
聊	1
僚	1
疗	1
燎	1
寥	1
辽	1
潦	1
了	1
撂	1
镣	1
廖	1
料	1
列	1
裂	1
烈	1
劣	1
猎	1
琳	1
林	1
磷	1
霖	1
临	1
邻	1
鳞	1
淋	1
凛	1
赁	1
吝	1
拎	1
玲	1
菱	1
零	1
龄	1
铃	1
伶	1
羚	1
凌	1
灵	1
陵	1
岭	1
领	1
另	1
令	1
溜	1
琉	1
榴	1
硫	1
馏	1
留	1
刘	1
瘤	1
流	1
柳	1
六	1
龙	1
聋	1
咙	1
笼	1
窿	1
隆	1
垄	1
拢	1
陇	1
楼	1
娄	1
搂	1
篓	1
漏	1
陋	1
芦	1
卢	1
颅	1
庐	1
炉	1
掳	1
卤	1
虏	1
鲁	1
麓	1
碌	1
露	1
路	1
赂	1
鹿	1
潞	1
禄	1
录	1
陆	1
戮	1
驴	1
吕	1
铝	1
侣	1
旅	1
履	1
屡	1
缕	1
虑	1
氯	1
律	1
率	1
滤	1
绿	1
峦	1
挛	1
孪	1
滦	1
卵	1
乱	1
掠	1
略	1
抡	1
轮	1
伦	1
仑	1
沦	1
纶	1
论	1
萝	1
螺	1
罗	1
逻	1
锣	1
箩	1
骡	1
裸	1
落	1
洛	1
骆	1
络	1
妈	1
麻	1
玛	1
码	1
蚂	1
马	1
骂	1
嘛	1
吗	1
埋	1
买	1
麦	1
卖	1
迈	1
脉	1
瞒	1
馒	1
蛮	1
满	1
蔓	1
曼	1
慢	1
漫	1
谩	1
芒	1
茫	1
盲	1
氓	1
忙	1
莽	1
猫	1
茅	1
锚	1
毛	1
矛	1
铆	1
卯	1
茂	1
冒	1
帽	1
貌	1
贸	1
么	1
玫	1
枚	1
梅	1
酶	1
霉	1
煤	1
没	1
眉	1
媒	1
镁	1
每	1
美	1
昧	1
寐	1
妹	1
媚	1
门	1
闷	1
们	1
萌	1
蒙	1
檬	1
盟	1
锰	1
猛	1
梦	1
孟	1
眯	1
醚	1
靡	1
糜	1
迷	1
谜	1
弥	1
米	1
秘	1
觅	1
泌	1
蜜	1
密	1
幂	1
棉	1
眠	1
绵	1
冕	1
免	1
勉	1
娩	1
缅	1
面	1
苗	1
描	1
瞄	1
藐	1
秒	1
渺	1
庙	1
妙	1
蔑	1
灭	1
民	1
抿	1
皿	1
敏	1
悯	1
闽	1
明	1
螟	1
鸣	1
铭	1
名	1
命	1
谬	1
摸	1
摹	1
蘑	1
模	1
膜	1
磨	1
摩	1
魔	1
抹	1
末	1
莫	1
墨	1
默	1
沫	1
漠	1
寞	1
陌	1
谋	1
牟	1
某	1
拇	1
牡	1
亩	1
姆	1
母	1
墓	1
暮	1
幕	1
募	1
慕	1
木	1
目	1
睦	1
牧	1
穆	1
拿	1
哪	1
呐	1
钠	1
那	1
娜	1
纳	1
氖	1
乃	1
奶	1
耐	1
奈	1
南	1
男	1
难	1
囊	1
挠	1
脑	1
恼	1
闹	1
淖	1
呢	1
馁	1
内	1
嫩	1
能	1
妮	1
霓	1
倪	1
泥	1
尼	1
拟	1
你	1
匿	1
腻	1
逆	1
溺	1
蔫	1
拈	1
年	1
碾	1
撵	1
捻	1
念	1
娘	1
酿	1
鸟	1
尿	1
捏	1
聂	1
孽	1
啮	1
镊	1
镍	1
涅	1
您	1
柠	1
狞	1
凝	1
宁	1
拧	1
泞	1
牛	1
扭	1
钮	1
纽	1
脓	1
浓	1
农	1
弄	1
奴	1
努	1
怒	1
女	1
暖	1
虐	1
疟	1
挪	1
懦	1
糯	1
诺	1
哦	1
欧	1
鸥	1
殴	1
藕	1
呕	1
偶	1
沤	1
啪	1
趴	1
爬	1
帕	1
怕	1
琶	1
拍	1
排	1
牌	1
徘	1
湃	1
派	1
攀	1
潘	1
盘	1
磐	1
盼	1
畔	1
判	1
叛	1
乓	1
庞	1
旁	1
耪	1
胖	1
抛	1
咆	1
刨	1
炮	1
袍	1
跑	1
泡	1
呸	1
胚	1
培	1
裴	1
赔	1
陪	1
配	1
佩	1
沛	1
喷	1
盆	1
砰	1
抨	1
烹	1
澎	1
彭	1
蓬	1
棚	1
硼	1
篷	1
膨	1
朋	1
鹏	1
捧	1
碰	1
坯	1
砒	1
霹	1
批	1
披	1
劈	1
琵	1
毗	1
啤	1
脾	1
疲	1
皮	1
匹	1
痞	1
僻	1
屁	1
譬	1
篇	1
偏	1
片	1
骗	1
飘	1
漂	1
瓢	1
票	1
撇	1
瞥	1
拼	1
频	1
贫	1
品	1
聘	1
乒	1
坪	1
苹	1
萍	1
平	1
凭	1
瓶	1
评	1
屏	1
坡	1
泼	1
颇	1
婆	1
破	1
魄	1
迫	1
粕	1
剖	1
扑	1
铺	1
仆	1
莆	1
葡	1
菩	1
蒲	1
埔	1
朴	1
圃	1
普	1
浦	1
谱	1
曝	1
瀑	1
期	1
欺	1
栖	1
戚	1
妻	1
七	1
凄	1
漆	1
柒	1
沏	1
其	1
棋	1
奇	1
歧	1
畦	1
崎	1
脐	1
齐	1
旗	1
祈	1
祁	1
骑	1
起	1
岂	1
乞	1
企	1
启	1
契	1
砌	1
器	1
气	1
迄	1
弃	1
汽	1
泣	1
讫	1
掐	1
恰	1
洽	1
牵	1
扦	1
钎	1
铅	1
千	1
迁	1
签	1
仟	1
谦	1
乾	1
黔	1
钱	1
钳	1
前	1
潜	1
遣	1
浅	1
谴	1
堑	1
嵌	1
欠	1
歉	1
枪	1
呛	1
腔	1
羌	1
墙	1
蔷	1
强	1
抢	1
橇	1
锹	1
敲	1
悄	1
桥	1
瞧	1
乔	1
侨	1
巧	1
鞘	1
撬	1
翘	1
峭	1
俏	1
窍	1
切	1
茄	1
且	1
怯	1
窃	1
钦	1
侵	1
亲	1
秦	1
琴	1
勤	1
芹	1
擒	1
禽	1
寝	1
沁	1
青	1
轻	1
氢	1
倾	1
卿	1
清	1
擎	1
晴	1
氰	1
情	1
顷	1
请	1
庆	1
琼	1
穷	1
秋	1
丘	1
邱	1
球	1
求	1
囚	1
酋	1
泅	1
趋	1
区	1
蛆	1
曲	1
躯	1
屈	1
驱	1
渠	1
取	1
娶	1
龋	1
趣	1
去	1
圈	1
颧	1
权	1
醛	1
泉	1
全	1
痊	1
拳	1
犬	1
券	1
劝	1
缺	1
炔	1
瘸	1
却	1
鹊	1
榷	1
确	1
雀	1
裙	1
群	1
然	1
燃	1
冉	1
染	1
瓤	1
壤	1
攘	1
嚷	1
让	1
饶	1
扰	1
绕	1
惹	1
热	1
壬	1
仁	1
人	1
忍	1
韧	1
任	1
认	1
刃	1
妊	1
纫	1
扔	1
仍	1
日	1
戎	1
茸	1
蓉	1
荣	1
融	1
熔	1
溶	1
容	1
绒	1
冗	1
揉	1
柔	1
肉	1
茹	1
蠕	1
儒	1
孺	1
如	1
辱	1
乳	1
汝	1
入	1
褥	1
软	1
阮	1
蕊	1
瑞	1
锐	1
闰	1
润	1
若	1
弱	1
撒	1
洒	1
萨	1
腮	1
鳃	1
塞	1
赛	1
三	1
叁	1
伞	1
散	1
桑	1
嗓	1
丧	1
搔	1
骚	1
扫	1
嫂	1
瑟	1
色	1
涩	1
森	1
僧	1
莎	1
砂	1
杀	1
刹	1
沙	1
纱	1
傻	1
啥	1
煞	1
筛	1
晒	1
珊	1
苫	1
杉	1
山	1
删	1
煽	1
衫	1
闪	1
陕	1
擅	1
赡	1
膳	1
善	1
汕	1
扇	1
缮	1
墒	1
伤	1
商	1
赏	1
晌	1
上	1
尚	1
裳	1
梢	1
捎	1
稍	1
烧	1
芍	1
勺	1
韶	1
少	1
哨	1
邵	1
绍	1
奢	1
赊	1
蛇	1
舌	1
舍	1
赦	1
摄	1
射	1
慑	1
涉	1
社	1
设	1
砷	1
申	1
呻	1
伸	1
身	1
深	1
娠	1
绅	1
神	1
沈	1
审	1
婶	1
甚	1
肾	1
慎	1
渗	1
声	1
生	1
甥	1
牲	1
升	1
绳	1
省	1
盛	1
剩	1
胜	1
圣	1
师	1
失	1
狮	1
施	1
湿	1
诗	1
尸	1
虱	1
十	1
石	1
拾	1
时	1
什	1
食	1
蚀	1
实	1
识	1
史	1
矢	1
使	1
屎	1
驶	1
始	1
式	1
示	1
士	1
世	1
柿	1
事	1
拭	1
誓	1
逝	1
势	1
是	1
嗜	1
噬	1
适	1
仕	1
侍	1
释	1
饰	1
氏	1
市	1
恃	1
室	1
视	1
试	1
收	1
手	1
首	1
守	1
寿	1
授	1
售	1
受	1
瘦	1
兽	1
蔬	1
枢	1
梳	1
殊	1
抒	1
输	1
叔	1
舒	1
淑	1
疏	1
书	1
赎	1
孰	1
熟	1
薯	1
暑	1
曙	1
署	1
蜀	1
黍	1
鼠	1
属	1
术	1
述	1
树	1
束	1
戍	1
竖	1
墅	1
庶	1
数	1
漱	1
恕	1
刷	1
耍	1
摔	1
衰	1
甩	1
帅	1
栓	1
拴	1
霜	1
双	1
爽	1
谁	1
水	1
睡	1
税	1
吮	1
瞬	1
顺	1
舜	1
说	1
硕	1
朔	1
烁	1
斯	1
撕	1
嘶	1
思	1
私	1
司	1
丝	1
死	1
肆	1
寺	1
嗣	1
四	1
伺	1
似	1
饲	1
巳	1
松	1
耸	1
怂	1
颂	1
送	1
宋	1
讼	1
诵	1
搜	1
艘	1
擞	1
嗽	1
苏	1
酥	1
俗	1
素	1
速	1
粟	1
僳	1
塑	1
溯	1
宿	1
诉	1
肃	1
酸	1
蒜	1
算	1
虽	1
隋	1
随	1
绥	1
髓	1
碎	1
岁	1
穗	1
遂	1
隧	1
祟	1
孙	1
损	1
笋	1
蓑	1
梭	1
唆	1
缩	1
琐	1
索	1
锁	1
所	1
塌	1
他	1
它	1
她	1
塔	1
獭	1
挞	1
蹋	1
踏	1
胎	1
苔	1
抬	1
台	1
泰	1
酞	1
太	1
态	1
汰	1
坍	1
摊	1
贪	1
瘫	1
滩	1
坛	1
檀	1
痰	1
潭	1
谭	1
谈	1
坦	1
毯	1
袒	1
碳	1
探	1
叹	1
炭	1
汤	1
塘	1
搪	1
堂	1
棠	1
膛	1
唐	1
糖	1
倘	1
躺	1
淌	1
趟	1
烫	1
掏	1
涛	1
滔	1
绦	1
萄	1
桃	1
逃	1
淘	1
陶	1
讨	1
套	1
特	1
藤	1
腾	1
疼	1
誊	1
梯	1
剔	1
踢	1
锑	1
提	1
题	1
蹄	1
啼	1
体	1
替	1
嚏	1
惕	1
涕	1
剃	1
屉	1
天	1
添	1
填	1
田	1
甜	1
恬	1
舔	1
腆	1
挑	1
条	1
迢	1
眺	1
跳	1
贴	1
铁	1
帖	1
厅	1
听	1
烃	1
汀	1
廷	1
停	1
亭	1
庭	1
挺	1
艇	1
通	1
桐	1
酮	1
瞳	1
同	1
铜	1
彤	1
童	1
桶	1
捅	1
筒	1
统	1
痛	1
偷	1
投	1
头	1
透	1
凸	1
秃	1
突	1
图	1
徒	1
途	1
涂	1
屠	1
土	1
吐	1
兔	1
湍	1
团	1
推	1
颓	1
腿	1
蜕	1
褪	1
退	1
吞	1
屯	1
臀	1
拖	1
托	1
脱	1
鸵	1
陀	1
驮	1
驼	1
椭	1
妥	1
拓	1
唾	1
挖	1
哇	1
蛙	1
洼	1
娃	1
瓦	1
袜	1
歪	1
外	1
豌	1
弯	1
湾	1
玩	1
顽	1
丸	1
烷	1
完	1
碗	1
挽	1
晚	1
皖	1
惋	1
宛	1
婉	1
万	1
腕	1
汪	1
王	1
亡	1
枉	1
网	1
往	1
旺	1
望	1
忘	1
妄	1
威	1
巍	1
微	1
危	1
韦	1
违	1
桅	1
围	1
唯	1
惟	1
为	1
潍	1
维	1
苇	1
萎	1
委	1
伟	1
伪	1
尾	1
纬	1
未	1
蔚	1
味	1
畏	1
胃	1
喂	1
魏	1
位	1
渭	1
谓	1
尉	1
慰	1
卫	1
瘟	1
温	1
蚊	1
文	1
闻	1
纹	1
吻	1
稳	1
紊	1
问	1
嗡	1
翁	1
瓮	1
挝	1
蜗	1
涡	1
窝	1
我	1
斡	1
卧	1
握	1
沃	1
巫	1
呜	1
钨	1
乌	1
污	1
诬	1
屋	1
无	1
芜	1
梧	1
吾	1
吴	1
毋	1
武	1
五	1
捂	1
午	1
舞	1
伍	1
侮	1
坞	1
戊	1
雾	1
晤	1
物	1
勿	1
务	1
悟	1
误	1
昔	1
熙	1
析	1
西	1
硒	1
矽	1
晰	1
嘻	1
吸	1
锡	1
牺	1
稀	1
息	1
希	1
悉	1
膝	1
夕	1
惜	1
熄	1
烯	1
溪	1
汐	1
犀	1
檄	1
袭	1
席	1
习	1
媳	1
喜	1
铣	1
洗	1
系	1
隙	1
戏	1
细	1
瞎	1
虾	1
匣	1
霞	1
辖	1
暇	1
峡	1
侠	1
狭	1
下	1
厦	1
夏	1
吓	1
掀	1
锨	1
先	1
仙	1
鲜	1
纤	1
咸	1
贤	1
衔	1
舷	1
闲	1
涎	1
弦	1
嫌	1
显	1
险	1
现	1
献	1
县	1
腺	1
馅	1
羡	1
宪	1
陷	1
限	1
线	1
相	1
厢	1
镶	1
香	1
箱	1
襄	1
湘	1
乡	1
翔	1
祥	1
详	1
想	1
响	1
享	1
项	1
巷	1
橡	1
像	1
向	1
象	1
萧	1
硝	1
霄	1
削	1
哮	1
嚣	1
销	1
消	1
宵	1
淆	1
晓	1
小	1
孝	1
校	1
肖	1
啸	1
笑	1
效	1
楔	1
些	1
歇	1
蝎	1
鞋	1
协	1
挟	1
携	1
邪	1
斜	1
胁	1
谐	1
写	1
械	1
卸	1
蟹	1
懈	1
泄	1
泻	1
谢	1
屑	1
薪	1
芯	1
锌	1
欣	1
辛	1
新	1
忻	1
心	1
信	1
衅	1
星	1
腥	1
猩	1
惺	1
兴	1
刑	1
型	1
形	1
邢	1
行	1
醒	1
幸	1
杏	1
性	1
姓	1
兄	1
凶	1
胸	1
匈	1
汹	1
雄	1
熊	1
休	1
修	1
羞	1
朽	1
嗅	1
锈	1
秀	1
袖	1
绣	1
墟	1
戌	1
需	1
虚	1
嘘	1
须	1
徐	1
许	1
蓄	1
酗	1
叙	1
旭	1
序	1
畜	1
恤	1
絮	1
婿	1
绪	1
续	1
轩	1
喧	1
宣	1
悬	1
旋	1
玄	1
选	1
癣	1
眩	1
绚	1
靴	1
薛	1
学	1
穴	1
雪	1
血	1
勋	1
熏	1
循	1
旬	1
询	1
寻	1
驯	1
巡	1
殉	1
汛	1
训	1
讯	1
逊	1
迅	1
压	1
押	1
鸦	1
鸭	1
呀	1
丫	1
芽	1
牙	1
蚜	1
崖	1
衙	1
涯	1
雅	1
哑	1
亚	1
讶	1
焉	1
咽	1
阉	1
烟	1
淹	1
盐	1
严	1
研	1
蜒	1
岩	1
延	1
言	1
颜	1
阎	1
炎	1
沿	1
奄	1
掩	1
眼	1
衍	1
演	1
艳	1
堰	1
燕	1
厌	1
砚	1
雁	1
唁	1
彦	1
焰	1
宴	1
谚	1
验	1
殃	1
央	1
鸯	1
秧	1
杨	1
扬	1
佯	1
疡	1
羊	1
洋	1
阳	1
氧	1
仰	1
痒	1
养	1
样	1
漾	1
邀	1
腰	1
妖	1
瑶	1
摇	1
尧	1
遥	1
窑	1
谣	1
姚	1
咬	1
舀	1
药	1
要	1
耀	1
椰	1
噎	1
耶	1
爷	1
野	1
冶	1
也	1
页	1
掖	1
业	1
叶	1
曳	1
腋	1
夜	1
液	1
一	1
壹	1
医	1
揖	1
铱	1
依	1
伊	1
衣	1
颐	1
夷	1
遗	1
移	1
仪	1
胰	1
疑	1
沂	1
宜	1
姨	1
彝	1
椅	1
蚁	1
倚	1
已	1
乙	1
矣	1
以	1
艺	1
抑	1
易	1
邑	1
屹	1
亿	1
役	1
臆	1
逸	1
肄	1
疫	1
亦	1
裔	1
意	1
毅	1
忆	1
义	1
益	1
溢	1
诣	1
议	1
谊	1
译	1
异	1
翼	1
翌	1
绎	1
茵	1
荫	1
因	1
殷	1
音	1
阴	1
姻	1
吟	1
银	1
淫	1
寅	1
饮	1
尹	1
引	1
隐	1
印	1
英	1
樱	1
婴	1
鹰	1
应	1
缨	1
莹	1
萤	1
营	1
荧	1
蝇	1
迎	1
赢	1
盈	1
影	1
颖	1
硬	1
映	1
哟	1
拥	1
佣	1
臃	1
痈	1
庸	1
雍	1
踊	1
蛹	1
咏	1
泳	1
涌	1
永	1
恿	1
勇	1
用	1
幽	1
优	1
悠	1
忧	1
尤	1
由	1
邮	1
铀	1
犹	1
油	1
游	1
酉	1
有	1
友	1
右	1
佑	1
釉	1
诱	1
又	1
幼	1
迂	1
淤	1
于	1
盂	1
榆	1
虞	1
愚	1
舆	1
余	1
俞	1
逾	1
鱼	1
愉	1
渝	1
渔	1
隅	1
予	1
娱	1
雨	1
与	1
屿	1
禹	1
宇	1
语	1
羽	1
玉	1
域	1
芋	1
郁	1
吁	1
遇	1
喻	1
峪	1
御	1
愈	1
欲	1
狱	1
育	1
誉	1
浴	1
寓	1
裕	1
预	1
豫	1
驭	1
鸳	1
渊	1
冤	1
元	1
垣	1
袁	1
原	1
援	1
辕	1
园	1
员	1
圆	1
猿	1
源	1
缘	1
远	1
苑	1
愿	1
怨	1
院	1
曰	1
约	1
越	1
跃	1
钥	1
岳	1
粤	1
月	1
悦	1
阅	1
耘	1
云	1
郧	1
匀	1
陨	1
允	1
运	1
蕴	1
酝	1
晕	1
韵	1
孕	1
匝	1
砸	1
杂	1
栽	1
哉	1
灾	1
宰	1
载	1
再	1
在	1
咱	1
攒	1
暂	1
赞	1
赃	1
脏	1
葬	1
遭	1
糟	1
凿	1
藻	1
枣	1
早	1
澡	1
蚤	1
躁	1
噪	1
造	1
皂	1
灶	1
燥	1
责	1
择	1
则	1
泽	1
贼	1
怎	1
增	1
憎	1
曾	1
赠	1
扎	1
喳	1
渣	1
札	1
轧	1
铡	1
闸	1
眨	1
栅	1
榨	1
咋	1
乍	1
炸	1
诈	1
摘	1
斋	1
宅	1
窄	1
债	1
寨	1
瞻	1
毡	1
詹	1
粘	1
沾	1
盏	1
斩	1
辗	1
崭	1
展	1
蘸	1
栈	1
占	1
战	1
站	1
湛	1
绽	1
樟	1
章	1
彰	1
漳	1
张	1
掌	1
涨	1
杖	1
丈	1
帐	1
账	1
仗	1
胀	1
瘴	1
障	1
招	1
昭	1
找	1
沼	1
赵	1
照	1
罩	1
兆	1
肇	1
召	1
遮	1
折	1
哲	1
蛰	1
辙	1
者	1
锗	1
蔗	1
这	1
浙	1
珍	1
斟	1
真	1
甄	1
砧	1
臻	1
贞	1
针	1
侦	1
枕	1
疹	1
诊	1
震	1
振	1
镇	1
阵	1
蒸	1
挣	1
睁	1
征	1
狰	1
争	1
怔	1
整	1
拯	1
正	1
政	1
帧	1
症	1
郑	1
证	1
芝	1
枝	1
支	1
吱	1
蜘	1
知	1
肢	1
脂	1
汁	1
之	1
织	1
职	1
直	1
植	1
殖	1
执	1
值	1
侄	1
址	1
指	1
止	1
趾	1
只	1
旨	1
纸	1
志	1
挚	1
掷	1
至	1
致	1
置	1
帜	1
峙	1
制	1
智	1
秩	1
稚	1
质	1
炙	1
痔	1
滞	1
治	1
窒	1
中	1
盅	1
忠	1
钟	1
衷	1
终	1
种	1
肿	1
重	1
仲	1
众	1
舟	1
周	1
州	1
洲	1
诌	1
粥	1
轴	1
肘	1
帚	1
咒	1
皱	1
宙	1
昼	1
骤	1
珠	1
株	1
蛛	1
朱	1
猪	1
诸	1
诛	1
逐	1
竹	1
烛	1
煮	1
拄	1
瞩	1
嘱	1
主	1
著	1
柱	1
助	1
蛀	1
贮	1
铸	1
筑	1
住	1
注	1
祝	1
驻	1
抓	1
爪	1
拽	1
专	1
砖	1
转	1
撰	1
赚	1
篆	1
桩	1
庄	1
装	1
妆	1
撞	1
壮	1
状	1
椎	1
锥	1
追	1
赘	1
坠	1
缀	1
谆	1
准	1
捉	1
拙	1
卓	1
桌	1
琢	1
茁	1
酌	1
啄	1
着	1
灼	1
浊	1
兹	1
咨	1
资	1
姿	1
滋	1
淄	1
孜	1
紫	1
仔	1
籽	1
滓	1
子	1
自	1
渍	1
字	1
鬃	1
棕	1
踪	1
宗	1
综	1
总	1
纵	1
邹	1
走	1
奏	1
揍	1
租	1
足	1
卒	1
族	1
祖	1
诅	1
阻	1
组	1
钻	1
纂	1
嘴	1
醉	1
最	1
罪	1
尊	1
遵	1
昨	1
左	1
佐	1
柞	1
做	1
作	1
坐	1
座	1
亍	2
丌	2
兀	2
丐	2
廿	2
卅	2
丕	2
亘	2
丞	2
鬲	2
孬	2
噩	2
丨	2
禺	2
丿	2
匕	2
乇	2
夭	2
爻	2
卮	2
氐	2
囟	2
胤	2
馗	2
毓	2
睾	2
鼗	2
丶	2
亟	2
鼐	2
乜	2
乩	2
亓	2
芈	2
孛	2
啬	2
嘏	2
仄	2
厍	2
厝	2
厣	2
厥	2
厮	2
靥	2
赝	2
匚	2
叵	2
匦	2
匮	2
匾	2
赜	2
卦	2
卣	2
刂	2
刈	2
刎	2
刭	2
刳	2
刿	2
剀	2
剌	2
剞	2
剡	2
剜	2
蒯	2
剽	2
劂	2
劁	2
劐	2
劓	2
冂	2
罔	2
亻	2
仃	2
仉	2
仂	2
仨	2
仡	2
仫	2
仞	2
伛	2
仳	2
伢	2
佤	2
仵	2
伥	2
伧	2
伉	2
伫	2
佞	2
佧	2
攸	2
佚	2
佝	2
佟	2
佗	2
伲	2
伽	2
佶	2
佴	2
侑	2
侉	2
侃	2
侏	2
佾	2
佻	2
侪	2
佼	2
侬	2
侔	2
俦	2
俨	2
俪	2
俅	2
俚	2
俣	2
俜	2
俑	2
俟	2
俸	2
倩	2
偌	2
俳	2
倬	2
倏	2
倮	2
倭	2
俾	2
倜	2
倌	2
倥	2
倨	2
偾	2
偃	2
偕	2
偈	2
偎	2
偬	2
偻	2
傥	2
傧	2
傩	2
傺	2
僖	2
儆	2
僭	2
僬	2
僦	2
僮	2
儇	2
儋	2
仝	2
氽	2
佘	2
佥	2
俎	2
龠	2
汆	2
籴	2
兮	2
巽	2
黉	2
馘	2
冁	2
夔	2
勹	2
匍	2
訇	2
匐	2
凫	2
夙	2
兕	2
亠	2
兖	2
亳	2
衮	2
袤	2
亵	2
脔	2
裒	2
禀	2
嬴	2
蠃	2
羸	2
冫	2
冱	2
冽	2
冼	2
凇	2
冖	2
冢	2
冥	2
讠	2
讦	2
讧	2
讪	2
讴	2
讵	2
讷	2
诂	2
诃	2
诋	2
诏	2
诎	2
诒	2
诓	2
诔	2
诖	2
诘	2
诙	2
诜	2
诟	2
诠	2
诤	2
诨	2
诩	2
诮	2
诰	2
诳	2
诶	2
诹	2
诼	2
诿	2
谀	2
谂	2
谄	2
谇	2
谌	2
谏	2
谑	2
谒	2
谔	2
谕	2
谖	2
谙	2
谛	2
谘	2
谝	2
谟	2
谠	2
谡	2
谥	2
谧	2
谪	2
谫	2
谮	2
谯	2
谲	2
谳	2
谵	2
谶	2
卩	2
卺	2
阝	2
阢	2
阡	2
阱	2
阪	2
阽	2
阼	2
陂	2
陉	2
陔	2
陟	2
陧	2
陬	2
陲	2
陴	2
隈	2
隍	2
隗	2
隰	2
邗	2
邛	2
邝	2
邙	2
邬	2
邡	2
邴	2
邳	2
邶	2
邺	2
邸	2
邰	2
郏	2
郅	2
邾	2
郐	2
郄	2
郇	2
郓	2
郦	2
郢	2
郜	2
郗	2
郛	2
郫	2
郯	2
郾	2
鄄	2
鄢	2
鄞	2
鄣	2
鄱	2
鄯	2
鄹	2
酃	2
酆	2
刍	2
奂	2
劢	2
劬	2
劭	2
劾	2
哿	2
勐	2
勖	2
勰	2
叟	2
燮	2
矍	2
廴	2
凵	2
凼	2
鬯	2
厶	2
弁	2
畚	2
巯	2
坌	2
垩	2
垡	2
塾	2
墼	2
壅	2
壑	2
圩	2
圬	2
圪	2
圳	2
圹	2
圮	2
圯	2
坜	2
圻	2
坂	2
坩	2
垅	2
坫	2
垆	2
坼	2
坻	2
坨	2
坭	2
坶	2
坳	2
垭	2
垤	2
垌	2
垲	2
埏	2
垧	2
垴	2
垓	2
垠	2
埕	2
埘	2
埚	2
埙	2
埒	2
垸	2
埴	2
埯	2
埸	2
埤	2
埝	2
堋	2
堍	2
埽	2
埭	2
堀	2
堞	2
堙	2
塄	2
堠	2
塥	2
塬	2
墁	2
墉	2
墚	2
墀	2
馨	2
鼙	2
懿	2
艹	2
艽	2
艿	2
芏	2
芊	2
芨	2
芄	2
芎	2
芑	2
芗	2
芙	2
芫	2
芸	2
芾	2
芰	2
苈	2
苊	2
苣	2
芘	2
芷	2
芮	2
苋	2
苌	2
苁	2
芩	2
芴	2
芡	2
芪	2
芟	2
苄	2
苎	2
芤	2
苡	2
茉	2
苷	2
苤	2
茏	2
茇	2
苜	2
苴	2
苒	2
苘	2
茌	2
苻	2
苓	2
茑	2
茚	2
茆	2
茔	2
茕	2
苠	2
苕	2
茜	2
荑	2
荛	2
荜	2
茈	2
莒	2
茼	2
茴	2
茱	2
莛	2
荞	2
茯	2
荏	2
荇	2
荃	2
荟	2
荀	2
茗	2
荠	2
茭	2
茺	2
茳	2
荦	2
荥	2
荨	2
茛	2
荩	2
荬	2
荪	2
荭	2
荮	2
莰	2
荸	2
莳	2
莴	2
莠	2
莪	2
莓	2
莜	2
莅	2
荼	2
莶	2
莩	2
荽	2
莸	2
荻	2
莘	2
莞	2
莨	2
莺	2
莼	2
菁	2
萁	2
菥	2
菘	2
堇	2
萘	2
萋	2
菝	2
菽	2
菖	2
萜	2
萸	2
萑	2
萆	2
菔	2
菟	2
萏	2
萃	2
菸	2
菹	2
菪	2
菅	2
菀	2
萦	2
菰	2
菡	2
葜	2
葑	2
葚	2
葙	2
葳	2
蒇	2
蒈	2
葺	2
蒉	2
葸	2
萼	2
葆	2
葩	2
葶	2
蒌	2
蒎	2
萱	2
葭	2
蓁	2
蓍	2
蓐	2
蓦	2
蒽	2
蓓	2
蓊	2
蒿	2
蒺	2
蓠	2
蒡	2
蒹	2
蒴	2
蒗	2
蓥	2
蓣	2
蔌	2
甍	2
蔸	2
蓰	2
蔹	2
蔟	2
蔺	2
蕖	2
蔻	2
蓿	2
蓼	2
蕙	2
蕈	2
蕨	2
蕤	2
蕞	2
蕺	2
瞢	2
蕃	2
蕲	2
蕻	2
薤	2
薨	2
薇	2
薏	2
蕹	2
薮	2
薜	2
薅	2
薹	2
薷	2
薰	2
藓	2
藁	2
藜	2
藿	2
蘧	2
蘅	2
蘩	2
蘖	2
蘼	2
廾	2
弈	2
夼	2
奁	2
耷	2
奕	2
奚	2
奘	2
匏	2
尢	2
尥	2
尬	2
尴	2
扌	2
扪	2
抟	2
抻	2
拊	2
拚	2
拗	2
拮	2
挢	2
拶	2
挹	2
捋	2
捃	2
掭	2
揶	2
捱	2
捺	2
掎	2
掴	2
捭	2
掬	2
掊	2
捩	2
掮	2
掼	2
揲	2
揸	2
揠	2
揿	2
揄	2
揞	2
揎	2
摒	2
揆	2
掾	2
摅	2
摁	2
搋	2
搛	2
搠	2
搌	2
搦	2
搡	2
摞	2
撄	2
摭	2
撖	2
摺	2
撷	2
撸	2
撙	2
撺	2
擀	2
擐	2
擗	2
擤	2
擢	2
攉	2
攥	2
攮	2
弋	2
忒	2
甙	2
弑	2
卟	2
叱	2
叽	2
叩	2
叨	2
叻	2
吒	2
吖	2
吆	2
呋	2
呒	2
呓	2
呔	2
呖	2
呃	2
吡	2
呗	2
呙	2
吣	2
吲	2
咂	2
咔	2
呷	2
呱	2
呤	2
咚	2
咛	2
咄	2
呶	2
呦	2
咝	2
哐	2
咭	2
哂	2
咴	2
哒	2
咧	2
咦	2
哓	2
哔	2
呲	2
咣	2
哕	2
咻	2
咿	2
哌	2
哙	2
哚	2
哜	2
咩	2
咪	2
咤	2
哝	2
哏	2
哞	2
唛	2
哧	2
唠	2
哽	2
唔	2
哳	2
唢	2
唣	2
唏	2
唑	2
唧	2
唪	2
啧	2
喏	2
喵	2
啉	2
啭	2
啁	2
啕	2
唿	2
啐	2
唼	2
唷	2
啖	2
啵	2
啶	2
啷	2
唳	2
唰	2
啜	2
喋	2
嗒	2
喃	2
喱	2
喹	2
喈	2
喁	2
喟	2
啾	2
嗖	2
喑	2
啻	2
嗟	2
喽	2
喾	2
喔	2
喙	2
嗪	2
嗷	2
嗉	2
嘟	2
嗑	2
嗫	2
嗬	2
嗔	2
嗦	2
嗝	2
嗄	2
嗯	2
嗥	2
嗲	2
嗳	2
嗌	2
嗍	2
嗨	2
嗵	2
嗤	2
辔	2
嘞	2
嘈	2
嘌	2
嘁	2
嘤	2
嘣	2
嗾	2
嘀	2
嘧	2
嘭	2
噘	2
嘹	2
噗	2
嘬	2
噍	2
噢	2
噙	2
噜	2
噌	2
噔	2
嚆	2
噤	2
噱	2
噫	2
噻	2
噼	2
嚅	2
嚓	2
嚯	2
囔	2
囗	2
囝	2
囡	2
囵	2
囫	2
囹	2
囿	2
圄	2
圊	2
圉	2
圜	2
帏	2
帙	2
帔	2
帑	2
帱	2
帻	2
帼	2
帷	2
幄	2
幔	2
幛	2
幞	2
幡	2
岌	2
屺	2
岍	2
岐	2
岖	2
岈	2
岘	2
岙	2
岑	2
岚	2
岜	2
岵	2
岢	2
岽	2
岬	2
岫	2
岱	2
岣	2
峁	2
岷	2
峄	2
峒	2
峤	2
峋	2
峥	2
崂	2
崃	2
崧	2
崦	2
崮	2
崤	2
崞	2
崆	2
崛	2
嵘	2
崾	2
崴	2
崽	2
嵬	2
嵛	2
嵯	2
嵝	2
嵫	2
嵋	2
嵊	2
嵩	2
嵴	2
嶂	2
嶙	2
嶝	2
豳	2
嶷	2
巅	2
彳	2
彷	2
徂	2
徇	2
徉	2
後	2
徕	2
徙	2
徜	2
徨	2
徭	2
徵	2
徼	2
衢	2
彡	2
犭	2
犰	2
犴	2
犷	2
犸	2
狃	2
狁	2
狎	2
狍	2
狒	2
狨	2
狯	2
狩	2
狲	2
狴	2
狷	2
猁	2
狳	2
猃	2
狺	2
狻	2
猗	2
猓	2
猡	2
猊	2
猞	2
猝	2
猕	2
猢	2
猹	2
猥	2
猬	2
猸	2
猱	2
獐	2
獍	2
獗	2
獠	2
獬	2
獯	2
獾	2
舛	2
夥	2
飧	2
夤	2
夂	2
饣	2
饧	2
饨	2
饩	2
饪	2
饫	2
饬	2
饴	2
饷	2
饽	2
馀	2
馄	2
馇	2
馊	2
馍	2
馐	2
馑	2
馓	2
馔	2
馕	2
庀	2
庑	2
庋	2
庖	2
庥	2
庠	2
庹	2
庵	2
庾	2
庳	2
赓	2
廒	2
廑	2
廛	2
廨	2
廪	2
膺	2
忄	2
忉	2
忖	2
忏	2
怃	2
忮	2
怄	2
忡	2
忤	2
忾	2
怅	2
怆	2
忪	2
忭	2
忸	2
怙	2
怵	2
怦	2
怛	2
怏	2
怍	2
怩	2
怫	2
怊	2
怿	2
怡	2
恸	2
恹	2
恻	2
恺	2
恂	2
恪	2
恽	2
悖	2
悚	2
悭	2
悝	2
悃	2
悒	2
悌	2
悛	2
惬	2
悻	2
悱	2
惝	2
惘	2
惆	2
惚	2
悴	2
愠	2
愦	2
愕	2
愣	2
惴	2
愀	2
愎	2
愫	2
慊	2
慵	2
憬	2
憔	2
憧	2
憷	2
懔	2
懵	2
忝	2
隳	2
闩	2
闫	2
闱	2
闳	2
闵	2
闶	2
闼	2
闾	2
阃	2
阄	2
阆	2
阈	2
阊	2
阋	2
阌	2
阍	2
阏	2
阒	2
阕	2
阖	2
阗	2
阙	2
阚	2
丬	2
爿	2
戕	2
氵	2
汔	2
汜	2
汊	2
沣	2
沅	2
沐	2
沔	2
沌	2
汨	2
汩	2
汴	2
汶	2
沆	2
沩	2
泐	2
泔	2
沭	2
泷	2
泸	2
泱	2
泗	2
沲	2
泠	2
泖	2
泺	2
泫	2
泮	2
沱	2
泓	2
泯	2
泾	2
洹	2
洧	2
洌	2
浃	2
浈	2
洇	2
洄	2
洙	2
洎	2
洫	2
浍	2
洮	2
洵	2
洚	2
浏	2
浒	2
浔	2
洳	2
涑	2
浯	2
涞	2
涠	2
浞	2
涓	2
涔	2
浜	2
浠	2
浼	2
浣	2
渚	2
淇	2
淅	2
淞	2
渎	2
涿	2
淠	2
渑	2
淦	2
淝	2
淙	2
渖	2
涫	2
渌	2
涮	2
渫	2
湮	2
湎	2
湫	2
溲	2
湟	2
溆	2
湓	2
湔	2
渲	2
渥	2
湄	2
滟	2
溱	2
溘	2
滠	2
漭	2
滢	2
溥	2
溧	2
溽	2
溻	2
溷	2
滗	2
溴	2
滏	2
溏	2
滂	2
溟	2
潢	2
潆	2
潇	2
漤	2
漕	2
滹	2
漯	2
漶	2
潋	2
潴	2
漪	2
漉	2
漩	2
澉	2
澍	2
澌	2
潸	2
潲	2
潼	2
潺	2
濑	2
濉	2
澧	2
澹	2
澶	2
濂	2
濡	2
濮	2
濞	2
濠	2
濯	2
瀚	2
瀣	2
瀛	2
瀹	2
瀵	2
灏	2
灞	2
宀	2
宄	2
宕	2
宓	2
宥	2
宸	2
甯	2
骞	2
搴	2
寤	2
寮	2
褰	2
寰	2
蹇	2
謇	2
辶	2
迓	2
迕	2
迥	2
迮	2
迤	2
迩	2
迦	2
迳	2
迨	2
逅	2
逄	2
逋	2
逦	2
逑	2
逍	2
逖	2
逡	2
逵	2
逶	2
逭	2
逯	2
遄	2
遑	2
遒	2
遐	2
遨	2
遘	2
遢	2
遛	2
暹	2
遴	2
遽	2
邂	2
邈	2
邃	2
邋	2
彐	2
彗	2
彖	2
彘	2
尻	2
咫	2
屐	2
屙	2
孱	2
屣	2
屦	2
羼	2
弪	2
弩	2
弭	2
艴	2
弼	2
鬻	2
屮	2
妁	2
妃	2
妍	2
妩	2
妪	2
妣	2
妗	2
姊	2
妫	2
妞	2
妤	2
姒	2
妲	2
妯	2
姗	2
妾	2
娅	2
娆	2
姝	2
娈	2
姣	2
姘	2
姹	2
娌	2
娉	2
娲	2
娴	2
娑	2
娣	2
娓	2
婀	2
婧	2
婊	2
婕	2
娼	2
婢	2
婵	2
胬	2
媪	2
媛	2
婷	2
婺	2
媾	2
嫫	2
媲	2
嫒	2
嫔	2
媸	2
嫠	2
嫣	2
嫱	2
嫖	2
嫦	2
嫘	2
嫜	2
嬉	2
嬗	2
嬖	2
嬲	2
嬷	2
孀	2
尕	2
尜	2
孚	2
孥	2
孳	2
孑	2
孓	2
孢	2
驵	2
驷	2
驸	2
驺	2
驿	2
驽	2
骀	2
骁	2
骅	2
骈	2
骊	2
骐	2
骒	2
骓	2
骖	2
骘	2
骛	2
骜	2
骝	2
骟	2
骠	2
骢	2
骣	2
骥	2
骧	2
纟	2
纡	2
纣	2
纥	2
纨	2
纩	2
纭	2
纰	2
纾	2
绀	2
绁	2
绂	2
绉	2
绋	2
绌	2
绐	2
绔	2
绗	2
绛	2
绠	2
绡	2
绨	2
绫	2
绮	2
绯	2
绱	2
绲	2
缍	2
绶	2
绺	2
绻	2
绾	2
缁	2
缂	2
缃	2
缇	2
缈	2
缋	2
缌	2
缏	2
缑	2
缒	2
缗	2
缙	2
缜	2
缛	2
缟	2
缡	2
缢	2
缣	2
缤	2
缥	2
缦	2
缧	2
缪	2
缫	2
缬	2
缭	2
缯	2
缰	2
缱	2
缲	2
缳	2
缵	2
幺	2
畿	2
巛	2
甾	2
邕	2
玎	2
玑	2
玮	2
玢	2
玟	2
珏	2
珂	2
珑	2
玷	2
玳	2
珀	2
珉	2
珈	2
珥	2
珙	2
顼	2
琊	2
珩	2
珧	2
珞	2
玺	2
珲	2
琏	2
琪	2
瑛	2
琦	2
琥	2
琨	2
琰	2
琮	2
琬	2
琛	2
琚	2
瑁	2
瑜	2
瑗	2
瑕	2
瑙	2
瑷	2
瑭	2
瑾	2
璜	2
璎	2
璀	2
璁	2
璇	2
璋	2
璞	2
璨	2
璩	2
璐	2
璧	2
瓒	2
璺	2
韪	2
韫	2
韬	2
杌	2
杓	2
杞	2
杈	2
杩	2
枥	2
枇	2
杪	2
杳	2
枘	2
枧	2
杵	2
枨	2
枞	2
枭	2
枋	2
杷	2
杼	2
柰	2
栉	2
柘	2
栊	2
柩	2
枰	2
栌	2
柙	2
枵	2
柚	2
枳	2
柝	2
栀	2
柃	2
枸	2
柢	2
栎	2
柁	2
柽	2
栲	2
栳	2
桠	2
桡	2
桎	2
桢	2
桄	2
桤	2
梃	2
栝	2
桕	2
桦	2
桁	2
桧	2
桀	2
栾	2
桊	2
桉	2
栩	2
梵	2
梏	2
桴	2
桷	2
梓	2
桫	2
棂	2
楮	2
棼	2
椟	2
椠	2
棹	2
椤	2
棰	2
椋	2
椁	2
楗	2
棣	2
椐	2
楱	2
椹	2
楠	2
楂	2
楝	2
榄	2
楫	2
榀	2
榘	2
楸	2
椴	2
槌	2
榇	2
榈	2
槎	2
榉	2
楦	2
楣	2
楹	2
榛	2
榧	2
榻	2
榫	2
榭	2
槔	2
榱	2
槁	2
槊	2
槟	2
榕	2
槠	2
榍	2
槿	2
樯	2
槭	2
樗	2
樘	2
橥	2
槲	2
橄	2
樾	2
檠	2
橐	2
橛	2
樵	2
檎	2
橹	2
樽	2
樨	2
橘	2
橼	2
檑	2
檐	2
檩	2
檗	2
檫	2
猷	2
獒	2
殁	2
殂	2
殇	2
殄	2
殒	2
殓	2
殍	2
殚	2
殛	2
殡	2
殪	2
轫	2
轭	2
轱	2
轲	2
轳	2
轵	2
轶	2
轸	2
轷	2
轹	2
轺	2
轼	2
轾	2
辁	2
辂	2
辄	2
辇	2
辋	2
辍	2
辎	2
辏	2
辘	2
辚	2
軎	2
戋	2
戗	2
戛	2
戟	2
戢	2
戡	2
戥	2
戤	2
戬	2
臧	2
瓯	2
瓴	2
瓿	2
甏	2
甑	2
甓	2
攴	2
旮	2
旯	2
旰	2
昊	2
昙	2
杲	2
昃	2
昕	2
昀	2
炅	2
曷	2
昝	2
昴	2
昱	2
昶	2
昵	2
耆	2
晟	2
晔	2
晁	2
晏	2
晖	2
晡	2
晗	2
晷	2
暄	2
暌	2
暧	2
暝	2
暾	2
曛	2
曜	2
曦	2
曩	2
贲	2
贳	2
贶	2
贻	2
贽	2
赀	2
赅	2
赆	2
赈	2
赉	2
赇	2
赍	2
赕	2
赙	2
觇	2
觊	2
觋	2
觌	2
觎	2
觏	2
觐	2
觑	2
牮	2
犟	2
牝	2
牦	2
牯	2
牾	2
牿	2
犄	2
犋	2
犍	2
犏	2
犒	2
挈	2
挲	2
掰	2
搿	2
擘	2
耄	2
毪	2
毳	2
毽	2
毵	2
毹	2
氅	2
氇	2
氆	2
氍	2
氕	2
氘	2
氙	2
氚	2
氡	2
氩	2
氤	2
氪	2
氲	2
攵	2
敕	2
敫	2
牍	2
牒	2
牖	2
爰	2
虢	2
刖	2
肟	2
肜	2
肓	2
肼	2
朊	2
肽	2
肱	2
肫	2
肭	2
肴	2
肷	2
胧	2
胨	2
胩	2
胪	2
胛	2
胂	2
胄	2
胙	2
胍	2
胗	2
朐	2
胝	2
胫	2
胱	2
胴	2
胭	2
脍	2
脎	2
胲	2
胼	2
朕	2
脒	2
豚	2
脶	2
脞	2
脬	2
脘	2
脲	2
腈	2
腌	2
腓	2
腴	2
腙	2
腚	2
腱	2
腠	2
腩	2
腼	2
腽	2
腭	2
腧	2
塍	2
媵	2
膈	2
膂	2
膑	2
滕	2
膣	2
膪	2
臌	2
朦	2
臊	2
膻	2
臁	2
膦	2
欤	2
欷	2
欹	2
歃	2
歆	2
歙	2
飑	2
飒	2
飓	2
飕	2
飙	2
飚	2
殳	2
彀	2
毂	2
觳	2
斐	2
齑	2
斓	2
於	2
旆	2
旄	2
旃	2
旌	2
旎	2
旒	2
旖	2
炀	2
炜	2
炖	2
炝	2
炻	2
烀	2
炷	2
炫	2
炱	2
烨	2
烊	2
焐	2
焓	2
焖	2
焯	2
焱	2
煳	2
煜	2
煨	2
煅	2
煲	2
煊	2
煸	2
煺	2
熘	2
熳	2
熵	2
熨	2
熠	2
燠	2
燔	2
燧	2
燹	2
爝	2
爨	2
灬	2
焘	2
煦	2
熹	2
戾	2
戽	2
扃	2
扈	2
扉	2
礻	2
祀	2
祆	2
祉	2
祛	2
祜	2
祓	2
祚	2
祢	2
祗	2
祠	2
祯	2
祧	2
祺	2
禅	2
禊	2
禚	2
禧	2
禳	2
忑	2
忐	2
怼	2
恝	2
恚	2
恧	2
恁	2
恙	2
恣	2
悫	2
愆	2
愍	2
慝	2
憩	2
憝	2
懋	2
懑	2
戆	2
肀	2
聿	2
沓	2
泶	2
淼	2
矶	2
矸	2
砀	2
砉	2
砗	2
砘	2
砑	2
斫	2
砭	2
砜	2
砝	2
砹	2
砺	2
砻	2
砟	2
砼	2
砥	2
砬	2
砣	2
砩	2
硎	2
硭	2
硖	2
硗	2
砦	2
硐	2
硇	2
硌	2
硪	2
碛	2
碓	2
碚	2
碇	2
碜	2
碡	2
碣	2
碲	2
碹	2
碥	2
磔	2
磙	2
磉	2
磬	2
磲	2
礅	2
磴	2
礓	2
礤	2
礞	2
礴	2
龛	2
黹	2
黻	2
黼	2
盱	2
眄	2
眍	2
盹	2
眇	2
眈	2
眚	2
眢	2
眙	2
眭	2
眦	2
眵	2
眸	2
睐	2
睑	2
睇	2
睃	2
睚	2
睨	2
睢	2
睥	2
睿	2
瞍	2
睽	2
瞀	2
瞌	2
瞑	2
瞟	2
瞠	2
瞰	2
瞵	2
瞽	2
町	2
畀	2
畎	2
畋	2
畈	2
畛	2
畲	2
畹	2
疃	2
罘	2
罡	2
罟	2
詈	2
罨	2
罴	2
罱	2
罹	2
羁	2
罾	2
盍	2
盥	2
蠲	2
钅	2
钆	2
钇	2
钋	2
钊	2
钌	2
钍	2
钏	2
钐	2
钔	2
钗	2
钕	2
钚	2
钛	2
钜	2
钣	2
钤	2
钫	2
钪	2
钭	2
钬	2
钯	2
钰	2
钲	2
钴	2
钶	2
钷	2
钸	2
钹	2
钺	2
钼	2
钽	2
钿	2
铄	2
铈	2
铉	2
铊	2
铋	2
铌	2
铍	2
铎	2
铐	2
铑	2
铒	2
铕	2
铖	2
铗	2
铙	2
铘	2
铛	2
铞	2
铟	2
铠	2
铢	2
铤	2
铥	2
铧	2
铨	2
铪	2
铩	2
铫	2
铮	2
铯	2
铳	2
铴	2
铵	2
铷	2
铹	2
铼	2
铽	2
铿	2
锃	2
锂	2
锆	2
锇	2
锉	2
锊	2
锍	2
锎	2
锏	2
锒	2
锓	2
锔	2
锕	2
锖	2
锘	2
锛	2
锝	2
锞	2
锟	2
锢	2
锪	2
锫	2
锩	2
锬	2
锱	2
锲	2
锴	2
锶	2
锷	2
锸	2
锼	2
锾	2
锿	2
镂	2
锵	2
镄	2
镅	2
镆	2
镉	2
镌	2
镎	2
镏	2
镒	2
镓	2
镔	2
镖	2
镗	2
镘	2
镙	2
镛	2
镞	2
镟	2
镝	2
镡	2
镢	2
镤	2
镥	2
镦	2
镧	2
镨	2
镩	2
镪	2
镫	2
镬	2
镯	2
镱	2
镲	2
镳	2
锺	2
矧	2
矬	2
雉	2
秕	2
秭	2
秣	2
秫	2
稆	2
嵇	2
稃	2
稂	2
稞	2
稔	2
稹	2
稷	2
穑	2
黏	2
馥	2
穰	2
皈	2
皎	2
皓	2
皙	2
皤	2
瓞	2
瓠	2
甬	2
鸠	2
鸢	2
鸨	2
鸩	2
鸪	2
鸫	2
鸬	2
鸲	2
鸱	2
鸶	2
鸸	2
鸷	2
鸹	2
鸺	2
鸾	2
鹁	2
鹂	2
鹄	2
鹆	2
鹇	2
鹈	2
鹉	2
鹋	2
鹌	2
鹎	2
鹑	2
鹕	2
鹗	2
鹚	2
鹛	2
鹜	2
鹞	2
鹣	2
鹦	2
鹧	2
鹨	2
鹩	2
鹪	2
鹫	2
鹬	2
鹱	2
鹭	2
鹳	2
疒	2
疔	2
疖	2
疠	2
疝	2
疬	2
疣	2
疳	2
疴	2
疸	2
痄	2
疱	2
疰	2
痃	2
痂	2
痖	2
痍	2
痣	2
痨	2
痦	2
痤	2
痫	2
痧	2
瘃	2
痱	2
痼	2
痿	2
瘐	2
瘀	2
瘅	2
瘌	2
瘗	2
瘊	2
瘥	2
瘘	2
瘕	2
瘙	2
瘛	2
瘼	2
瘢	2
瘠	2
癀	2
瘭	2
瘰	2
瘿	2
瘵	2
癃	2
瘾	2
瘳	2
癍	2
癞	2
癔	2
癜	2
癖	2
癫	2
癯	2
翊	2
竦	2
穸	2
穹	2
窀	2
窆	2
窈	2
窕	2
窦	2
窠	2
窬	2
窨	2
窭	2
窳	2
衤	2
衩	2
衲	2
衽	2
衿	2
袂	2
袢	2
裆	2
袷	2
袼	2
裉	2
裢	2
裎	2
裣	2
裥	2
裱	2
褚	2
裼	2
裨	2
裾	2
裰	2
褡	2
褙	2
褓	2
褛	2
褊	2
褴	2
褫	2
褶	2
襁	2
襦	2
襻	2
疋	2
胥	2
皲	2
皴	2
矜	2
耒	2
耔	2
耖	2
耜	2
耠	2
耢	2
耥	2
耦	2
耧	2
耩	2
耨	2
耱	2
耋	2
耵	2
聃	2
聆	2
聍	2
聒	2
聩	2
聱	2
覃	2
顸	2
颀	2
颃	2
颉	2
颌	2
颍	2
颏	2
颔	2
颚	2
颛	2
颞	2
颟	2
颡	2
颢	2
颥	2
颦	2
虍	2
虔	2
虬	2
虮	2
虿	2
虺	2
虼	2
虻	2
蚨	2
蚍	2
蚋	2
蚬	2
蚝	2
蚧	2
蚣	2
蚪	2
蚓	2
蚩	2
蚶	2
蛄	2
蚵	2
蛎	2
蚰	2
蚺	2
蚱	2
蚯	2
蛉	2
蛏	2
蚴	2
蛩	2
蛱	2
蛲	2
蛭	2
蛳	2
蛐	2
蜓	2
蛞	2
蛴	2
蛟	2
蛘	2
蛑	2
蜃	2
蜇	2
蛸	2
蜈	2
蜊	2
蜍	2
蜉	2
蜣	2
蜻	2
蜞	2
蜥	2
蜮	2
蜚	2
蜾	2
蝈	2
蜴	2
蜱	2
蜩	2
蜷	2
蜿	2
螂	2
蜢	2
蝽	2
蝾	2
蝻	2
蝠	2
蝰	2
蝌	2
蝮	2
螋	2
蝓	2
蝣	2
蝼	2
蝤	2
蝙	2
蝥	2
螓	2
螯	2
螨	2
蟒	2
蟆	2
螈	2
螅	2
螭	2
螗	2
螃	2
螫	2
蟥	2
螬	2
螵	2
螳	2
蟋	2
蟓	2
螽	2
蟑	2
蟀	2
蟊	2
蟛	2
蟪	2
蟠	2
蟮	2
蠖	2
蠓	2
蟾	2
蠊	2
蠛	2
蠡	2
蠹	2
蠼	2
缶	2
罂	2
罄	2
罅	2
舐	2
竺	2
竽	2
笈	2
笃	2
笄	2
笕	2
笊	2
笫	2
笏	2
筇	2
笸	2
笪	2
笙	2
笮	2
笱	2
笠	2
笥	2
笤	2
笳	2
笾	2
笞	2
筘	2
筚	2
筅	2
筵	2
筌	2
筝	2
筠	2
筮	2
筻	2
筢	2
筲	2
筱	2
箐	2
箦	2
箧	2
箸	2
箬	2
箝	2
箨	2
箅	2
箪	2
箜	2
箢	2
箫	2
箴	2
篑	2
篁	2
篌	2
篝	2
篚	2
篥	2
篦	2
篪	2
簌	2
篾	2
篼	2
簏	2
簖	2
簋	2
簟	2
簪	2
簦	2
簸	2
籁	2
籀	2
臾	2
舁	2
舂	2
舄	2
臬	2
衄	2
舡	2
舢	2
舣	2
舭	2
舯	2
舨	2
舫	2
舸	2
舻	2
舳	2
舴	2
舾	2
艄	2
艉	2
艋	2
艏	2
艚	2
艟	2
艨	2
衾	2
袅	2
袈	2
裘	2
裟	2
襞	2
羝	2
羟	2
羧	2
羯	2
羰	2
羲	2
籼	2
敉	2
粑	2
粝	2
粜	2
粞	2
粢	2
粲	2
粼	2
粽	2
糁	2
糇	2
糌	2
糍	2
糈	2
糅	2
糗	2
糨	2
艮	2
暨	2
羿	2
翎	2
翕	2
翥	2
翡	2
翦	2
翩	2
翮	2
翳	2
糸	2
絷	2
綦	2
綮	2
繇	2
纛	2
麸	2
麴	2
赳	2
趄	2
趔	2
趑	2
趱	2
赧	2
赭	2
豇	2
豉	2
酊	2
酐	2
酎	2
酏	2
酤	2
酢	2
酡	2
酰	2
酩	2
酯	2
酽	2
酾	2
酲	2
酴	2
酹	2
醌	2
醅	2
醐	2
醍	2
醑	2
醢	2
醣	2
醪	2
醭	2
醮	2
醯	2
醵	2
醴	2
醺	2
豕	2
鹾	2
趸	2
跫	2
踅	2
蹙	2
蹩	2
趵	2
趿	2
趼	2
趺	2
跄	2
跖	2
跗	2
跚	2
跞	2
跎	2
跏	2
跛	2
跆	2
跬	2
跷	2
跸	2
跣	2
跹	2
跻	2
跤	2
踉	2
跽	2
踔	2
踝	2
踟	2
踬	2
踮	2
踣	2
踯	2
踺	2
蹀	2
踹	2
踵	2
踽	2
踱	2
蹉	2
蹁	2
蹂	2
蹑	2
蹒	2
蹊	2
蹰	2
蹶	2
蹼	2
蹯	2
蹴	2
躅	2
躏	2
躔	2
躐	2
躜	2
躞	2
豸	2
貂	2
貊	2
貅	2
貘	2
貔	2
斛	2
觖	2
觞	2
觚	2
觜	2
觥	2
觫	2
觯	2
訾	2
謦	2
靓	2
雩	2
雳	2
雯	2
霆	2
霁	2
霈	2
霏	2
霎	2
霪	2
霭	2
霰	2
霾	2
龀	2
龃	2
龅	2
龆	2
龇	2
龈	2
龉	2
龊	2
龌	2
黾	2
鼋	2
鼍	2
隹	2
隼	2
隽	2
雎	2
雒	2
瞿	2
雠	2
銎	2
銮	2
鋈	2
錾	2
鍪	2
鏊	2
鎏	2
鐾	2
鑫	2
鱿	2
鲂	2
鲅	2
鲆	2
鲇	2
鲈	2
稣	2
鲋	2
鲎	2
鲐	2
鲑	2
鲒	2
鲔	2
鲕	2
鲚	2
鲛	2
鲞	2
鲟	2
鲠	2
鲡	2
鲢	2
鲣	2
鲥	2
鲦	2
鲧	2
鲨	2
鲩	2
鲫	2
鲭	2
鲮	2
鲰	2
鲱	2
鲲	2
鲳	2
鲴	2
鲵	2
鲶	2
鲷	2
鲺	2
鲻	2
鲼	2
鲽	2
鳄	2
鳅	2
鳆	2
鳇	2
鳊	2
鳋	2
鳌	2
鳍	2
鳎	2
鳏	2
鳐	2
鳓	2
鳔	2
鳕	2
鳗	2
鳘	2
鳙	2
鳜	2
鳝	2
鳟	2
鳢	2
靼	2
鞅	2
鞑	2
鞒	2
鞔	2
鞯	2
鞫	2
鞣	2
鞲	2
鞴	2
骱	2
骰	2
骷	2
鹘	2
骶	2
骺	2
骼	2
髁	2
髀	2
髅	2
髂	2
髋	2
髌	2
髑	2
魅	2
魃	2
魇	2
魉	2
魈	2
魍	2
魑	2
飨	2
餍	2
餮	2
饕	2
饔	2
髟	2
髡	2
髦	2
髯	2
髫	2
髻	2
髭	2
髹	2
鬈	2
鬏	2
鬓	2
鬟	2
鬣	2
麽	2
麾	2
縻	2
麂	2
麇	2
麈	2
麋	2
麒	2
鏖	2
麝	2
麟	2
黛	2
黜	2
黝	2
黠	2
黟	2
黢	2
黩	2
黧	2
黥	2
黪	2
黯	2
鼢	2
鼬	2
鼯	2
鼹	2
鼷	2
鼽	2
鼾	2
齄	2
